{
  "default": [
    {
      "title": "easy",
      "collection": [
        "Moon",
        "Star",
        "Sun",
        "Mars",
        "Space",
        "Rocket",
        "Orbit",
        "Venus",
        "Earth",
        "Comet",
        "Pluto",
        "Alien",
        "Solar",
        "Lunar",
        "Nova",
        "Nebula",
        "Saturn",
        "Planet",
        "Astro",
        "Meteor",
        "Apollo",
        "Galaxy",
        "Titan",
        "Globe",
        "Astro",
        "Light",
        "Shuttle",
        "Gravity",
        "System",
        "Beam",
        "Signal",
        "Cloud",
        "Stone",
        "Sphere",
        "Plasma",
        "Solar",
        "Launch",
        "Gases",
        "Black",
        "White",
        "Center",
        "Cluster",
        "Eclipse",
        "Mission",
        "Fuel",
        "Cosmic",
        "Red",
        "Night",
        "Sky",
        "Pole"
      ]
    },
    {
      "title": "normal",
      "collection": [
        "Mercury",
        "Quasar",
        "Jupiter",
        "Milky Way",
        "Vacuum",
        "Nebulae",
        "Uranus",
        "Magnetar",
        "Exoplanet",
        "Spectrum",
        "Helium",
        "Cassini",
        "Orbitals",
        "Pulsar",
        "Equinox",
        "Photosphere",
        "Tidal",
        "Proxima",
        "Ellipse",
        "Ionization",
        "Polaris",
        "Vega",
        "Interstellar",
        "Troposphere",
        "Voyager",
        "Stellar",
        "Asteroid",
        "Expansion",
        "Zenith",
        "Phases",
        "Satellite",
        "Crater",
        "Geostationary",
        "Thermosphere",
        "Corona",
        "Magnetosphere",
        "Ozone",
        "Spacecraft",
        "Event",
        "Spectrum",
        "Ganymede",
        "Kuiper",
        "Cluster",
        "Horizon",
        "Charon",
        "Radiation",
        "Ion",
        "Dust",
        "Binary",
        "Tectonics",
        "planet",
        "earth",
        "stars",
        "moon",
        "mars",
        "venus",
        "sun",
        "jupiter",
        "saturn",
        "uranus",
        "neptunus",
        "pluto",
        "mercurius",
        "apollo",
        "satellite",
        "commander",
        "moonlander",
        "mission",
        "ufo",
        "space",
        "spaceman",
        "galaxy",
        "spaceship",
        "alien",
        "science",
        "nasa",
        "iss",
        "spacecraft",
        "landing",
        "fuel",
        "gravity",
        "interstellar",
        "dust",
        "quantummechanics",
        "enterprise",
        "explorer",
        "pathfinder",
        "oxygen",
        "radiation",
        "laila"
      ]
    },
    {
      "title": "hard",
      "collection": [
        "Syzygy",
        "Astrophysics",
        "Intergalactic",
        "Microgravity",
        "Extragalactic",
        "Photosynthesis",
        "Chromosphere",
        "Planetesimal",
        "Retrograde",
        "Heliopause",
        "Perihelion",
        "Apogee",
        "Gravitational",
        "Singularity",
        "Oscillation",
        "Cosmological",
        "Protostar",
        "Keplerian",
        "Exosphere",
        "Circumpolar",
        "Redshift",
        "Spectrometer",
        "Parallax",
        "Albedo",
        "Doppler",
        "Barycenter",
        "Interferometer",
        "Ecliptic",
        "Supernovae",
        "Infrared",
        "Accretion",
        "Blackbody",
        "Luminosity",
        "Elliptical",
        "Thermodynamics",
        "Electromagnetic",
        "Angular",
        "Spectroscopy",
        "Astronomical",
        "Cygni",
        "Relativity",
        "Almagest",
        "Apastron",
        "Mesosphere",
        "Nebular",
        "Hypergiant",
        "Exobiology",
        "Retroreflector",
        "Circumstellar",
        "Diffraction",
        "astronaut",
        "aerospace",
        "hubble",
        "telescope",
        "black hole",
        "big bang",
        "solar wind",
        "space junk",
        "the universe",
        "space shuttle",
        "international space station",
        "lift of",
        "extra terrestrial",
        "stephen hawking",
        "heil armstrong",
        "edwin aldrin",
        "joeri gagarin",
        "space suit",
        "dirk frimout",
        "frank de winne",
        "marianne merchez",
        "raphael liegeois"
      ]
    },
    {
      "title": "extreme",
      "collection": [
        "Quasi-stellar",
        "Circumstellar",
        "Anisotropy",
        "Zygote-like",
        "Libration",
        "Chronostasis",
        "Photodissociation",
        "Schwarzschild",
        "Axion-like",
        "Gravitoelectric",
        "Isotropic",
        "Quasi-static",
        "Cepheid",
        "Hypsographic",
        "Spectrograph",
        "Quasi-biennial",
        "Obliquity",
        "Hubble-type",
        "Gravitomagnetic",
        "Alphanumerics",
        "Roche-lobe",
        "Faint-object",
        "Intergalactic",
        "Antisolar",
        "Gravitational",
        "Angular-Momentum",
        "Cosmogonical",
        "Substellar-Mass",
        "Microbarograph",
        "Parthenogenesis",
        "Quantum-Tunneling",
        "Stratospheric",
        "Supersonic-Hub",
        "Quasar-Wavelength",
        "Intermodulation",
        "Cosmic-Microwave",
        "Synchrotron",
        "Thermonuclear-Fusion",
        "Graviton",
        "Acceleration-Surface",
        "Ephemerides-Center",
        "Heuristic-Time-Travel",
        "Plasma-Physics",
        "Neutrino-Telescope",
        "Sub-Luminal-Tachyon",
        "Radiometer",
        "Superlattice",
        "Interstice-Stretch",
        "Xeno-Molecular-Burst",
        "Astral Entropy"
      ]
    }
  ],
  "easter_eggs": [
    {
      "title": "hitchhikers",
      "source": "https://en.wikipedia.org/wiki/List_of_The_Hitchhiker%27s_Guide_to_the_Galaxy_characters",
      "collection": [
        "Arthur Dent",
        "Ford Prefect",
        "Zaphod Beeblebrox",
        "Marvin the Paranoid Android",
        "Trillian",
        "Agrajag",
        "Mrs Alice Beeblebrox",
        "The Allitnis",
        "Almighty Bob",
        "Anjie",
        "Arcturan Megafreighter crew",
        "Aseed",
        "Barmen",
        "Barman of the Horse and Groom",
        "Barman in Old Pink Dog Bar",
        "Barman in the Domain of the King",
        "BBC department head",
        "Blart Versenwald III",
        "Bodyguard",
        "Caveman",
        "Colin",
        "Constant Mown",
        "Dr Dan Streetmentioner",
        "Deep Thought",
        "Dionah Carlinton Housney",
        "Disaster Areas chief research accountant",
        "Dish of the Day",
        "East River Creature",
        "Eccentrica Gallumbits",
        "Eddie",
        "Effrafax of Wug",
        "Elders of Krikkit",
        "Elvis Presley",
        "Emperor of the Galaxy",
        "Mrs Enid Kapelsen",
        "Eric Bartlett",
        "Fenchurch",
        "Frankie Mouse",
        "Benjy Mouse",
        "Frat Gadz",
        "Frogstar Prisoner Relations Officer",
        "Gag Halfrunt",
        "Gail Andrews",
        "Gargravarr",
        "Garkbit",
        "Genghis Temüjin Khan",
        "Girl with a Masters degree",
        "God",
        "Gogrilla Mincefriend",
        "Golgafrinchans",
        "Agda and Mella",
        "Captain",
        "Great Circling Poets of Arium",
        "Hairdresser",
        "Management consultant",
        "Marketing girl",
        "Number One",
        "Number Two",
        "Telephone Sanitizer",
        "Googleplex Starthinker",
        "Great Green Arkleseizure",
        "Great Hyperlobic Omnicognate Neutron Wrangler",
        "Grunthos the Flatulent",
        "Guide Mark II",
        "Hactar",
        "Haggunenon Underfleet Commander",
        "Heimdall",
        "Hig Hurtenflurst",
        "Hillman Hunter",
        "Hotblack Desiato",
        "Humma Kavula",
        "Hurling Frootmig",
        "Judiciary Pag",
        "Karl Mueller",
        "Know-Nothing Bozo the Non-Wonder Dog",
        "Krikkiters",
        "Kwaltz",
        "Lady Cynthia Fitzmelton",
        "The Lajestic Vantrashell of Lob",
        "Lallafa",
        "Lazlar Lyricon",
        "Lig Lury Jr",
        "Lintilla",
        "Loonquawl and Phouchg",
        "The Lord",
        "Lord High Sanvalvwag of Hollop",
        "Lunkwill and Fook",
        "Magician",
        "Majikthise and Vroomfondel",
        "Max Quordlepleen",
        "Mo Minetti",
        "Murray Bost Henson",
        "Old Man on the Poles",
        "Old Thrashbarg",
        "Old Woman in the Cave",
        "Oolon Colluphid",
        "Paul Neil Milne Johnstone",
        "Phouchg and Loonquawl",
        "Poodoo",
        "Prak",
        "Pralite monks",
        "President Hudson",
        "Princess Hooli",
        "Mr Prosser",
        "Prostetnic Vogon Jeltz",
        "Questular Rontok",
        "Raffle ticket woman",
        "Random Dent",
        "Receptionists",
        "New York Hotel receptionist",
        "Megadodo receptionist",
        "Reg Nullify",
        "Rob McKenna",
        "Roosta",
        "The Ruler of the Universe",
        "Russell",
        "Safety and Civil Reassurance Administration Officials",
        "Sheila Steafel",
        "Shooty and Bang Bang",
        "Six Men",
        "Slartibartfast",
        "Sperm Whale",
        "Stavro Mueller",
        "Strinder the Tool Maker",
        "Sulijoo",
        "Thor",
        "Tribesmen of the Cold Hillsides",
        "Trin Tragula",
        "Varntvar The Priest",
        "Veet Voojagig",
        "Vroomfondel and Majikthise",
        "War Command Krikkiters",
        "Will Smithers",
        "The Wise Old Bird",
        "Werdle Sneng",
        "Wonko the Sane",
        "Wowbagger the Infinitely Prolonged",
        "Yooden Vranx",
        "Zaphod Beeblebrox the Fourth",
        "Zarniwoop (Vann Harl)",
        "Zarquon",
        "Zem",
        "Magrathea",
        "Ultimate Question",
        "The Restaurant at the End of the Universe",
        "Fit the Ninth",
        "Tricia Marie McMillan",
        "Pizpot",
        "So Long, and Thanks for All the Fish"
      ]
    },
    {
      "title": "discworld",
      "source": "https://en.wikipedia.org/wiki/List_of_Discworld_characters",
      "collection": [
        "vetinari",
        "turtle",
        "elephant",
        "rinzwind",
        "thumbscrewwas",
        "pikewas",
        "oilclothwas",
        "brookwas",
        "cowinwas",
        "heterodynewas",
        "limbicwas",
        "panoplywas",
        "ferretwas",
        "injunctionwas",
        "promiscuouswas",
        "buffetwas",
        "marzipanwas",
        "dodgemwas",
        "trousseauxwas",
        "hatpinswas",
        "recalcitrantwas",
        "privywas",
        "actinismwas",
        "actinicwas",
        "hearthstonewas",
        "firebackwas",
        "tinderboxwas",
        "inglenookwas",
        "aphorismwas",
        "necropheliacwas",
        "barmywas",
        "silicaceouswas",
        "ornithologywas",
        "lichenwas",
        "lichenouswas",
        "galeswas",
        "galewas",
        "turpentine",
        "Ankh Morpork",
        "The Auditors of Reality",
        "Mavolio Bent",
        "Lieutenant Blouse",
        "Brutha",
        "Seldom Bucket",
        "The Canting Crew",
        "Carcer",
        "Imp Y Celyn",
        "Christine",
        "Roland de Chumsfanleigh",
        "Cohen the Barbarian",
        "Conina",
        "Mrs Marietta Cosmopilite",
        "Sacharissa Cripslock",
        "Adora Belle Dearheart",
        "Death",
        "Cut Me Own Throat Dibbler",
        "Didactylos",
        "Doughnut Jimmy",
        "Evil Harry Dread",
        "Dregs",
        "Rufus Drumknott",
        "Esmerelda Margaret Note Spelling of Lancre",
        "Magrat Garlick",
        "Gaspode",
        "Reacher Gilt",
        "JHC Goatberger",
        "Tolliver Groat",
        "Herrena the Henna Haired Harridan",
        "Willie Hobson",
        "Hodgesaargh",
        "Mr Hong",
        "Stanley Howler",
        "Hrun the Barbarian",
        "Sergeant-Major Jack Jackrum",
        "Bloody Stupid Johnson",
        "Kelirehenna Princess Queen of Sto Lat",
        "Harry King",
        "Lavaeolus",
        "Dr John Mossy Lawn",
        "Lewton",
        "Liessa Dragonlady",
        "Trevor Likely",
        "Lobsang Ludd",
        "Lu Tze",
        "Miss Iodine Maccalariat",
        "Lord Mortimer Duke of Sto Helit",
        "Nijel the Destroyer",
        "Om",
        "Olaf Quimby II",
        "Rosemary Palm",
        "Polly Perks",
        "Walter Plinge",
        "Mr Pin",
        "Pteppicymon XXVIII (Teppic)",
        "Ptraci I",
        "Mustrum Ridcully",
        "Ronald Rust",
        "Mr Salzella",
        "Ella Saturday",
        "Mr Slant",
        "Eskarina Smith",
        "Bel Shamharoth",
        "Lord Snapcase",
        "Wallace Sonky",
        "Ponder Stibbons",
        "Juliet Stollop",
        "Corporal Strappi",
        "Susan Sto Helit",
        "Glenda Sugarbean",
        "Captain Findthee Swing",
        "Tacticus",
        "Tawneee",
        "Jonathan Teatime",
        "Eric Thursley",
        "Daniel One Drop Trooper",
        "Victor Tugelbend",
        "Mr Tulip",
        "Twoflower",
        "Verence II of Lancre",
        "Vorbis",
        "Lord Winder",
        "Witches of the Disc",
        "Theda Withel",
        "Wizards of the Unseen University",
        "Ly Tin Wheedle",
        "Lupine Wonse",
        "William de Worde",
        "Lady Ysabell Duchess of Sto Helit"
      ]
    },
    {
      "title": "trains",
      "source": "ikke",
      "collection": [
        "marklin", "trix", "minitrix", "fleischmann", "roco", "rivarossi", "viessmann", "lima", "peco", "bemo", "pico",
        "yocadis", "ls-models", "nmbs", "sncf", "ice"
      ]
    }
  ]
}